"Total Requirements, Industry-by-Industry - Summary"
"Total Requirements, Industry-by-Industry - Summary"

,Industries/Industries,111CA,113FF,211,212,213,22,23,321,327,331,332,333,334,335,3361MV,3364OT,337,339,311FT,313TT,315AL,322,323,324,325,326,42,441,445,452,4A0,481,482,483,484,485,486,487OS,493,511,512,513,514,521CI,523,524,525,HS,ORE,532RL,5411,5415,5412OP,55,561,562,61,621,622,623,624,711AS,713,721,722,81,GFGD,GFGN,GFE,GSLG,GSLE
,Industry Description,Farms,"Forestry, fishing, and related activities",Oil and gas extraction,"Mining, except oil and gas",Support activities for mining,Utilities,Construction,Wood products,Nonmetallic mineral products,Primary metals,Fabricated metal products,Machinery,Computer and electronic products,"Electrical equipment, appliances, and components","Motor vehicles, bodies and trailers, and parts",Other transportation equipment,Furniture and related products,Miscellaneous manufacturing,Food and beverage and tobacco products,Textile mills and textile product mills,Apparel and leather and allied products,Paper products,Printing and related support activities,Petroleum and coal products,Chemical products,Plastics and rubber products,Wholesale trade,Motor vehicle and parts dealers,Food and beverage stores,General merchandise stores,Other retail,Air transportation,Rail transportation,Water transportation,Truck transportation,Transit and ground passenger transportation,Pipeline transportation,Other transportation and support activities,Warehousing and storage,"Publishing industries, except internet (includes software)",Motion picture and sound recording industries,Broadcasting and telecommunications,"Data processing, internet publishing, and other information services","Federal Reserve banks, credit intermediation, and related activities","Securities, commodity contracts, and investments",Insurance carriers and related activities,"Funds, trusts, and other financial vehicles",Housing,Other real estate,Rental and leasing services and lessors of intangible assets,Legal services,Computer systems design and related services,"Miscellaneous professional, scientific, and technical services",Management of companies and enterprises,Administrative and support services,Waste management and remediation services,Educational services,Ambulatory health care services,Hospitals,Nursing and residential care facilities,Social assistance,"Performing arts, spectator sports, museums, and related activities","Amusements, gambling, and recreation industries",Accommodation,Food services and drinking places,"Other services, except government",Federal general government (defense),Federal general government (nondefense),Federal government enterprises,State and local general government,State and local government enterprises
111CA,Farms,1.3115695,0.0213036,0.0011069,0.0017466,0.0010162,0.0006590,0.0028632,0.0203205,0.0041527,0.0023947,0.0017254,0.0013534,0.0005300,0.0018767,0.0023495,0.0008305,0.0051417,0.0032404,0.3771925,0.0364449,0.0105087,0.0072432,0.0057051,0.0016105,0.0249025,0.0094544,0.0014291,0.0016413,0.0021228,0.0011417,0.0009648,0.0021332,0.0014503,0.0026743,0.0008162,0.0008606,0.0006133,0.0010750,0.0006049,0.0005715,0.0008197,0.0008431,0.0011248,0.0007578,0.0010147,0.0004839,0.0009901,0.0001542,0.0022138,0.0011617,0.0005424,0.0009121,0.0026366,0.0011769,0.0023429,0.0014758,0.0073565,0.0023007,0.0042426,0.0080401,0.0203189,0.0033027,0.0111465,0.0072198,0.0308156,0.0016654,0.0039762,0.0009816,0.0024430,0.0172243,0.0018760
113FF,"Forestry, fishing, and related activities",0.0731175,1.1293574,0.0003792,0.0020721,0.0005715,0.0003203,0.0043175,0.1305909,0.0016498,0.0021189,0.0011701,0.0012421,0.0004698,0.0019117,0.0022465,0.0005905,0.0145835,0.0036247,0.0284728,0.0031940,0.0099182,0.0264128,0.0039947,0.0004265,0.0025795,0.0087934,0.0009150,0.0004864,0.0021903,0.0003869,0.0005423,0.0005172,0.0057539,0.0005586,0.0005092,0.0005593,0.0003806,0.0005497,0.0003859,0.0002537,0.0002897,0.0004791,0.0006054,0.0002756,0.0003943,0.0002314,0.0003547,0.0001584,0.0012631,0.0006456,0.0002107,0.0003026,0.0006248,0.0003937,0.0006972,0.0006156,0.0009787,0.0006403,0.0009007,0.0011101,0.0022889,0.0005363,0.0024421,0.0024269,0.0065208,0.0008526,0.0006885,0.0004542,0.0006046,0.0034711,0.0014047
211,Oil and gas extraction,0.0186420,0.0034335,1.0790933,0.0166235,0.0075526,0.0503952,0.0163343,0.0112446,0.0116089,0.0173228,0.0093888,0.0073669,0.0023422,0.0113974,0.0081708,0.0036317,0.0095633,0.0078776,0.0120220,0.0182486,0.0045646,0.0139493,0.0122822,0.6216598,0.0351834,0.0201264,0.0041304,0.0046407,0.0045700,0.0031763,0.0039020,0.0567392,0.0210354,0.0455882,0.0369753,0.0172297,0.0068015,0.0203434,0.0128954,0.0025229,0.0022555,0.0031233,0.0034057,0.0035822,0.0062889,0.0011801,0.0057727,0.0007390,0.0068660,0.0051113,0.0013637,0.0025688,0.0039097,0.0029406,0.0057102,0.0126901,0.0101988,0.0052292,0.0051181,0.0052981,0.0047845,0.0036606,0.0071024,0.0048107,0.0061152,0.0045727,0.0100435,0.0036200,0.0152492,0.0233657,0.0645352
212,"Mining, except oil and gas",0.0058373,0.0005192,0.0039262,1.0923708,0.0028347,0.0100276,0.0158653,0.0036055,0.0889046,0.0683233,0.0194546,0.0101497,0.0019083,0.0147674,0.0111223,0.0039692,0.0070314,0.0055767,0.0048075,0.0057252,0.0012908,0.0105762,0.0033287,0.0064137,0.0097230,0.0069886,0.0009954,0.0010957,0.0011101,0.0008522,0.0009761,0.0017080,0.0030743,0.0020466,0.0015356,0.0011961,0.0018745,0.0012225,0.0011375,0.0006051,0.0007750,0.0016640,0.0029917,0.0006095,0.0012536,0.0004120,0.0010969,0.0005161,0.0019214,0.0012245,0.0004145,0.0007058,0.0018297,0.0008944,0.0021914,0.0029506,0.0031084,0.0013260,0.0016016,0.0013735,0.0019486,0.0027482,0.0051273,0.0018598,0.0021757,0.0030380,0.0018803,0.0065727,0.0012387,0.0025371,0.0175730
213,Support activities for mining,0.0012099,0.0002113,0.0616814,0.0239828,1.0210393,0.0031046,0.0013534,0.0007694,0.0025731,0.0024914,0.0010962,0.0007297,0.0002068,0.0010948,0.0007878,0.0003606,0.0007895,0.0006108,0.0008289,0.0011925,0.0002983,0.0010810,0.0008045,0.0356332,0.0022389,0.0013510,0.0002663,0.0002973,0.0002919,0.0002049,0.0002515,0.0033125,0.0012913,0.0027057,0.0021744,0.0010284,0.0004689,0.0012053,0.0007762,0.0001629,0.0001492,0.0002339,0.0002689,0.0002226,0.0003945,0.0000791,0.0003607,0.0000560,0.0004450,0.0003309,0.0000896,0.0001714,0.0002828,0.0001990,0.0003842,0.0008322,0.0006578,0.0003332,0.0003365,0.0003393,0.0003338,0.0002728,0.0005264,0.0003285,0.0004089,0.0003418,0.0006434,0.0003561,0.0009091,0.0014091,0.0041172
22,Utilities,0.0283452,0.0024677,0.0216733,0.0336733,0.0057442,1.0458680,0.0122862,0.0197833,0.0372373,0.0345595,0.0230137,0.0141572,0.0059184,0.0187283,0.0165782,0.0136663,0.0182093,0.0103838,0.0224782,0.0251752,0.0135764,0.0393999,0.0220500,0.0178681,0.0204920,0.0266271,0.0091895,0.0152098,0.0266133,0.0192230,0.0136816,0.0114558,0.0053453,0.0098733,0.0161231,0.0086903,0.0271195,0.0078493,0.0169653,0.0044000,0.0061681,0.0136362,0.0113389,0.0057147,0.0071986,0.0029019,0.0141311,0.0008944,0.0243721,0.0076045,0.0038392,0.0040392,0.0063022,0.0089513,0.0075307,0.0183747,0.0179187,0.0080293,0.0128399,0.0172130,0.0099570,0.0101881,0.0209492,0.0225745,0.0225465,0.0123857,0.0102677,0.0054690,0.0247502,0.0151437,0.0195732
23,Construction,0.0103006,0.0015936,0.0067812,0.0430748,0.0165128,0.0141291,1.0057558,0.0091034,0.0186170,0.0177451,0.0123336,0.0079721,0.0033510,0.0090575,0.0086182,0.0053158,0.0089882,0.0061482,0.0099993,0.0089470,0.0041278,0.0157858,0.0104270,0.0144721,0.0073169,0.0105579,0.0071203,0.0113047,0.0115681,0.0120549,0.0100400,0.0067702,0.0369937,0.0078184,0.0086146,0.0099052,0.0397813,0.0084433,0.0104031,0.0037299,0.0041357,0.0090044,0.0066465,0.0086683,0.0093947,0.0038222,0.0081161,0.0280258,0.0377941,0.0080626,0.0037450,0.0026709,0.0055439,0.0065944,0.0051989,0.0085267,0.0087642,0.0052174,0.0097043,0.0103005,0.0080718,0.0071426,0.0119149,0.0203438,0.0103522,0.0129024,0.0190093,0.0050002,0.0102166,0.0200924,0.1629121
321,Wood products,0.0052858,0.0017393,0.0017751,0.0072737,0.0035607,0.0017449,0.0372495,1.2580999,0.0066423,0.0121513,0.0057903,0.0067197,0.0027684,0.0109449,0.0126579,0.0030622,0.1178480,0.0123209,0.0052640,0.0046644,0.0017567,0.0379772,0.0061870,0.0019218,0.0026738,0.0135620,0.0056207,0.0024586,0.0049306,0.0019771,0.0031109,0.0012449,0.0541000,0.0020639,0.0029877,0.0018767,0.0023490,0.0022390,0.0022325,0.0010406,0.0014071,0.0027574,0.0037395,0.0010847,0.0015960,0.0007494,0.0013394,0.0012422,0.0081793,0.0033685,0.0008353,0.0008952,0.0017867,0.0014092,0.0027364,0.0025115,0.0020573,0.0019199,0.0028040,0.0020375,0.0050511,0.0016750,0.0037468,0.0056570,0.0033966,0.0042225,0.0021531,0.0016353,0.0017848,0.0040679,0.0096387
327,Nonmetallic mineral products,0.0021622,0.0003986,0.0066655,0.0100465,0.0079244,0.0016749,0.0456271,0.0101379,1.1361404,0.0192537,0.0100322,0.0083428,0.0018579,0.0157938,0.0180870,0.0031430,0.0080189,0.0070054,0.0058044,0.0034046,0.0014446,0.0055945,0.0024308,0.0062543,0.0038753,0.0106964,0.0012444,0.0020501,0.0014156,0.0010629,0.0015768,0.0015689,0.0032156,0.0020965,0.0020208,0.0014250,0.0026185,0.0013340,0.0015519,0.0006791,0.0006423,0.0036443,0.0022000,0.0008610,0.0013329,0.0006040,0.0011481,0.0013834,0.0028241,0.0030781,0.0005176,0.0010083,0.0030987,0.0010569,0.0021321,0.0040267,0.0015408,0.0029317,0.0039121,0.0018313,0.0036566,0.0010541,0.0023354,0.0020483,0.0036219,0.0035167,0.0024528,0.0023182,0.0015361,0.0028187,0.0190425
331,Primary metals,0.0111749,0.0020960,0.0487778,0.0263896,0.0143799,0.0070670,0.0383863,0.0241574,0.0383533,1.4313604,0.3543412,0.1820629,0.0290543,0.2582248,0.1797721,0.0617040,0.1011629,0.0669030,0.0195562,0.0168474,0.0054604,0.0357022,0.0162620,0.0300318,0.0110661,0.0313322,0.0056710,0.0051224,0.0044821,0.0031017,0.0042944,0.0063806,0.0191330,0.0151508,0.0096071,0.0068353,0.0129561,0.0089607,0.0076886,0.0026939,0.0020268,0.0094253,0.0069006,0.0019933,0.0037528,0.0015345,0.0032731,0.0014325,0.0082155,0.0067609,0.0015322,0.0048428,0.0056204,0.0036365,0.0084691,0.0248401,0.0076629,0.0041762,0.0063535,0.0044053,0.0107845,0.0031861,0.0091287,0.0060145,0.0063227,0.0176637,0.0167748,0.0097029,0.0088770,0.0071574,0.0279821
332,Fabricated metal products,0.0139531,0.0032082,0.0398694,0.0240310,0.0147129,0.0103829,0.0706779,0.0432613,0.0318612,0.0906518,1.1419316,0.0882363,0.0291530,0.1221163,0.0816121,0.0622632,0.0846007,0.0382697,0.0326486,0.0254923,0.0085199,0.0544108,0.0266180,0.0265145,0.0197188,0.0467705,0.0065527,0.0060715,0.0052793,0.0039462,0.0055547,0.0073635,0.0136829,0.0318292,0.0119662,0.0098651,0.0345003,0.0109499,0.0106126,0.0042498,0.0025206,0.0169124,0.0083659,0.0027354,0.0046581,0.0019184,0.0041949,0.0024157,0.0084799,0.0096606,0.0019270,0.0073562,0.0069925,0.0046769,0.0084943,0.0365192,0.0079044,0.0046678,0.0077671,0.0051290,0.0156678,0.0035070,0.0094131,0.0113939,0.0099363,0.0245684,0.0223821,0.0088161,0.0083181,0.0095274,0.0435929
333,Machinery,0.0110000,0.0014332,0.0332069,0.0460959,0.0297951,0.0049906,0.0249074,0.0096714,0.0089584,0.0222092,0.0227904,1.0959082,0.0034195,0.0251883,0.0765340,0.0173550,0.0088521,0.0074923,0.0124303,0.0068958,0.0026651,0.0137036,0.0223166,0.0202823,0.0116836,0.0177682,0.0034611,0.0033937,0.0029543,0.0020311,0.0028858,0.0044422,0.0045605,0.0062724,0.0067505,0.0039200,0.0040655,0.0140423,0.0110561,0.0015691,0.0013165,0.0034630,0.0041003,0.0011772,0.0021968,0.0013786,0.0019009,0.0009067,0.0043949,0.0052106,0.0009723,0.0046110,0.0032443,0.0023249,0.0075571,0.0351896,0.0086500,0.0029618,0.0037432,0.0030170,0.0040465,0.0020265,0.0043053,0.0024974,0.0037250,0.0120673,0.0079143,0.0034183,0.0044249,0.0060515,0.0177369
334,Computer and electronic products,0.0063886,0.0014560,0.0067287,0.0074721,0.0049625,0.0025168,0.0110312,0.0187124,0.0118119,0.0184822,0.0254073,0.0283431,1.1175539,0.0384740,0.0586483,0.0782180,0.0226304,0.0176257,0.0112061,0.0166100,0.0057227,0.0135099,0.0194975,0.0057589,0.0104641,0.0177844,0.0233820,0.0074189,0.0046131,0.0043961,0.0048037,0.0045837,0.0055436,0.0076243,0.0050750,0.0042178,0.0036252,0.0043720,0.0038049,0.0086441,0.0064610,0.0365998,0.0154118,0.0034368,0.0083684,0.0019543,0.0120094,0.0006561,0.0055745,0.0054466,0.0061175,0.0109388,0.0083996,0.0250821,0.0102407,0.0127373,0.0073648,0.0107363,0.0059641,0.0044252,0.0061477,0.0031548,0.0050561,0.0046535,0.0058004,0.0107120,0.0371416,0.0158744,0.0038042,0.0060127,0.0128461
335,"Electrical equipment, appliances, and components",0.0131580,0.0013256,0.0041221,0.0052718,0.0061870,0.0014890,0.0264662,0.0072662,0.0042730,0.0147870,0.0167416,0.0523351,0.0096757,1.0810938,0.0346258,0.0092557,0.0063122,0.0077408,0.0079966,0.0044277,0.0017721,0.0076788,0.0049004,0.0032140,0.0039841,0.0073269,0.0041496,0.0030001,0.0019434,0.0025547,0.0017943,0.0022127,0.0051778,0.0033850,0.0025917,0.0029107,0.0024899,0.0021173,0.0028068,0.0010819,0.0008658,0.0066493,0.0021821,0.0011017,0.0023743,0.0008496,0.0018946,0.0008730,0.0033602,0.0029486,0.0007288,0.0053131,0.0038115,0.0016687,0.0037468,0.0138684,0.0025456,0.0013512,0.0027018,0.0034172,0.0057657,0.0014113,0.0056025,0.0033353,0.0027279,0.0069482,0.0089446,0.0119793,0.0028340,0.0030994,0.0182354
3361MV,"Motor vehicles, bodies and trailers, and parts",0.0087092,0.0025752,0.0087349,0.0159501,0.0070702,0.0027334,0.0078544,0.0304173,0.0119994,0.0199897,0.0143702,0.0475099,0.0063512,0.0162729,1.4108194,0.0274554,0.0173737,0.0097882,0.0132564,0.0105069,0.0061438,0.0185114,0.0088376,0.0064037,0.0057063,0.0094769,0.0081741,0.0116377,0.0106595,0.0034901,0.0077485,0.0036470,0.0060064,0.0094349,0.0244524,0.0128162,0.0032764,0.0053560,0.0141609,0.0028729,0.0023861,0.0048378,0.0046511,0.0017501,0.0030703,0.0014107,0.0025096,0.0006070,0.0056681,0.0119451,0.0014629,0.0026662,0.0045464,0.0039055,0.0225707,0.0221274,0.0094301,0.0035225,0.0069558,0.0041618,0.0147085,0.0039390,0.0044558,0.0036710,0.0058350,0.0249977,0.0257736,0.0036586,0.0427278,0.0097213,0.0130385
3364OT,Other transportation equipment,0.0005704,0.0001561,0.0004388,0.0007230,0.0003914,0.0003853,0.0005838,0.0009767,0.0009202,0.0015327,0.0010931,0.0024536,0.0004646,0.0010450,0.0049221,1.3060152,0.0007309,0.0004400,0.0007425,0.0004849,0.0002330,0.0009335,0.0005696,0.0004008,0.0004541,0.0007732,0.0006064,0.0003778,0.0003049,0.0001711,0.0003772,0.0078679,0.0181331,0.0243933,0.0017982,0.0018430,0.0003632,0.0103159,0.0006054,0.0001961,0.0002093,0.0003451,0.0003627,0.0001772,0.0005334,0.0001262,0.0003999,0.0000363,0.0003399,0.0004419,0.0001296,0.0002485,0.0011937,0.0002732,0.0005070,0.0014604,0.0003006,0.0002381,0.0003268,0.0002454,0.0003657,0.0002475,0.0008218,0.0002035,0.0003189,0.0005866,0.0750627,0.0034289,0.0010457,0.0003298,0.0011857
337,Furniture and related products,0.0002530,0.0000493,0.0001911,0.0005607,0.0002378,0.0002379,0.0088049,0.0034129,0.0004015,0.0004575,0.0003914,0.0008362,0.0005228,0.0004134,0.0005081,0.0002656,1.0423239,0.0015190,0.0002961,0.0005392,0.0003161,0.0005830,0.0003234,0.0002359,0.0002037,0.0013214,0.0004521,0.0005921,0.0002391,0.0002067,0.0010159,0.0001657,0.0006809,0.0002297,0.0002382,0.0001907,0.0004609,0.0001971,0.0001945,0.0001065,0.0002765,0.0003994,0.0005891,0.0001472,0.0001934,0.0000832,0.0001853,0.0009326,0.0005353,0.0002041,0.0001051,0.0001068,0.0003214,0.0001816,0.0001823,0.0002863,0.0001935,0.0003502,0.0003717,0.0002315,0.0009790,0.0023257,0.0016284,0.0003295,0.0004925,0.0005338,0.0003160,0.0001382,0.0004940,0.0003202,0.0056514
339,Miscellaneous manufacturing,0.0006388,0.0001265,0.0006292,0.0009466,0.0005240,0.0002587,0.0014263,0.0010242,0.0009369,0.0010473,0.0011332,0.0054130,0.0005696,0.0037638,0.0056214,0.0008459,0.0012473,1.0261044,0.0007325,0.0012872,0.0073623,0.0009082,0.0009121,0.0004750,0.0008610,0.0015542,0.0008089,0.0012151,0.0007450,0.0003099,0.0008515,0.0003760,0.0004158,0.0007264,0.0005109,0.0006513,0.0004466,0.0006564,0.0009187,0.0003749,0.0003484,0.0006223,0.0006300,0.0003054,0.0005465,0.0002631,0.0004482,0.0000881,0.0007703,0.0006255,0.0002249,0.0003833,0.0011796,0.0004570,0.0019954,0.0026301,0.0010201,0.0120499,0.0209962,0.0016536,0.0031262,0.0010890,0.0010973,0.0004320,0.0009644,0.0025198,0.0029017,0.0010881,0.0004852,0.0024306,0.0011142
311FT,Food and beverage and tobacco products,0.1189830,0.0050304,0.0013486,0.0015350,0.0013430,0.0011427,0.0018776,0.0048782,0.0094170,0.0044525,0.0024338,0.0017627,0.0006372,0.0023391,0.0027614,0.0010011,0.0029523,0.0022975,1.2355987,0.0092713,0.0198420,0.0055987,0.0109590,0.0020642,0.0165513,0.0079262,0.0030035,0.0014916,0.0037857,0.0018091,0.0015244,0.0052453,0.0011143,0.0069153,0.0013551,0.0013391,0.0009151,0.0017235,0.0009668,0.0009713,0.0017015,0.0015279,0.0021609,0.0015892,0.0019653,0.0009018,0.0020330,0.0001937,0.0042865,0.0021724,0.0010926,0.0018546,0.0043440,0.0020843,0.0022793,0.0023676,0.0201441,0.0037265,0.0106715,0.0234896,0.0646575,0.0096300,0.0284843,0.0202067,0.0812727,0.0036474,0.0109190,0.0016754,0.0071187,0.0465200,0.0022130
313TT,Textile mills and textile product mills,0.0009549,0.0002722,0.0004721,0.0007866,0.0004247,0.0002171,0.0020638,0.0057033,0.0031031,0.0012023,0.0009854,0.0032479,0.0004005,0.0013587,0.0059140,0.0032472,0.0432805,0.0098204,0.0017016,1.1825861,0.1032906,0.0234727,0.0069182,0.0005672,0.0017889,0.0120502,0.0010527,0.0004232,0.0005946,0.0115324,0.0012032,0.0003486,0.0005867,0.0008267,0.0005132,0.0005478,0.0002803,0.0005018,0.0003198,0.0002588,0.0015536,0.0004454,0.0003700,0.0001795,0.0003439,0.0002147,0.0002802,0.0001131,0.0005369,0.0007391,0.0001454,0.0002463,0.0006094,0.0003117,0.0007502,0.0021975,0.0004022,0.0007230,0.0009856,0.0053684,0.0038705,0.0003664,0.0008144,0.0036403,0.0008717,0.0010961,0.0012957,0.0010545,0.0006249,0.0012258,0.0012529
315AL,Apparel and leather and allied products,0.0002043,0.0000185,0.0000337,0.0000511,0.0000296,0.0000205,0.0000519,0.0001095,0.0000822,0.0000991,0.0000635,0.0001228,0.0000235,0.0000682,0.0023853,0.0000762,0.0002423,0.0007449,0.0002609,0.0008481,1.0269665,0.0001688,0.0001868,0.0000320,0.0000610,0.0001148,0.0001103,0.0000472,0.0000436,0.0002782,0.0001118,0.0000308,0.0000304,0.0001185,0.0000819,0.0000657,0.0000298,0.0000370,0.0000453,0.0000205,0.0000355,0.0000393,0.0000301,0.0000178,0.0000360,0.0000169,0.0000289,0.0000091,0.0000494,0.0000842,0.0000133,0.0000198,0.0000332,0.0000310,0.0001065,0.0003541,0.0000615,0.0000394,0.0000721,0.0000693,0.0001223,0.0001229,0.0001638,0.0000770,0.0001114,0.0007104,0.0002186,0.0000716,0.0017213,0.0003988,0.0001070
322,Paper products,0.0087468,0.0011037,0.0034674,0.0055052,0.0032874,0.0020564,0.0083073,0.0206359,0.0272767,0.0257496,0.0175377,0.0136520,0.0046139,0.0260472,0.0239777,0.0065023,0.0375673,0.0225756,0.0417431,0.0211673,0.0060058,1.3054033,0.1407062,0.0033035,0.0130931,0.0329871,0.0067170,0.0028242,0.0053461,0.0027501,0.0040448,0.0031251,0.0038207,0.0043940,0.0039341,0.0139304,0.0026935,0.0078579,0.0033749,0.0037034,0.0021997,0.0029977,0.0033861,0.0022211,0.0039768,0.0039934,0.0031039,0.0004840,0.0041448,0.0053078,0.0021277,0.0027949,0.0043787,0.0029761,0.0087382,0.0072295,0.0047144,0.0040319,0.0053926,0.0059436,0.0093987,0.0028766,0.0044099,0.0155178,0.0102545,0.0066689,0.0043729,0.0084253,0.0042795,0.0107894,0.0056749
323,Printing and related support activities,0.0011493,0.0003668,0.0009505,0.0011396,0.0010092,0.0008674,0.0014054,0.0015046,0.0013559,0.0035556,0.0018635,0.0015322,0.0005456,0.0017425,0.0020484,0.0009544,0.0023433,0.0013532,0.0015838,0.0040639,0.0026420,0.0028032,1.0129892,0.0008491,0.0009291,0.0015834,0.0045323,0.0018950,0.0013108,0.0012074,0.0054648,0.0011284,0.0011072,0.0018787,0.0015506,0.0026195,0.0010438,0.0017881,0.0008226,0.0067571,0.0037941,0.0018134,0.0061826,0.0015274,0.0033904,0.0040474,0.0026208,0.0001930,0.0017613,0.0021974,0.0017585,0.0013930,0.0029565,0.0021978,0.0035444,0.0014618,0.0025294,0.0020792,0.0043249,0.0015562,0.0055859,0.0043251,0.0023752,0.0031466,0.0021095,0.0027868,0.0029099,0.0039363,0.0012496,0.0048092,0.0028624
324,Petroleum and coal products,0.0236355,0.0043905,0.0134982,0.0211940,0.0101730,0.0265774,0.0224579,0.0128905,0.0131978,0.0223593,0.0112549,0.0090728,0.0027029,0.0143755,0.0094308,0.0039849,0.0110873,0.0094692,0.0148056,0.0179892,0.0047853,0.0157903,0.0142072,1.0278919,0.0214447,0.0201421,0.0047456,0.0050826,0.0044183,0.0030139,0.0041106,0.0822388,0.0301927,0.0653818,0.0525501,0.0243554,0.0064485,0.0287077,0.0127752,0.0020877,0.0022680,0.0032451,0.0035071,0.0046509,0.0082897,0.0013099,0.0072220,0.0009718,0.0076452,0.0063764,0.0014798,0.0032069,0.0042356,0.0031889,0.0071787,0.0155753,0.0073642,0.0052196,0.0055747,0.0057542,0.0056563,0.0039340,0.0071143,0.0050123,0.0068765,0.0050958,0.0135155,0.0044608,0.0106090,0.0323758,0.0442163
325,Chemical products,0.0952840,0.0232329,0.0361828,0.0364712,0.0195928,0.0101510,0.0316282,0.0928090,0.0574054,0.0308095,0.0427811,0.0307604,0.0151506,0.0505639,0.0625626,0.0194195,0.0776651,0.0647435,0.0593595,0.3443321,0.0442562,0.0917022,0.1041195,0.0552542,1.2922654,0.3657009,0.0125661,0.0095534,0.0090076,0.0085769,0.0096635,0.0116494,0.0134099,0.0147396,0.0116944,0.0100700,0.0074457,0.0096940,0.0086125,0.0068096,0.0080347,0.0104894,0.0116337,0.0048148,0.0092511,0.0051257,0.0077295,0.0016728,0.0186690,0.0099076,0.0038635,0.0065825,0.0414188,0.0141625,0.0205569,0.0284799,0.0121124,0.0540731,0.0375679,0.0229377,0.0160351,0.0087709,0.0147139,0.0091140,0.0161439,0.0149928,0.0196369,0.0159264,0.0076010,0.0372677,0.0425780
326,Plastics and rubber products,0.0123385,0.0020535,0.0042876,0.0161593,0.0069426,0.0022673,0.0220812,0.0190193,0.0155977,0.0150461,0.0146121,0.0305776,0.0099541,0.0276505,0.0529577,0.0147282,0.0463720,0.0297187,0.0326159,0.0247751,0.0100302,0.0278022,0.0455564,0.0043096,0.0174521,1.0877065,0.0119307,0.0056310,0.0076497,0.0035355,0.0057251,0.0042407,0.0040540,0.0049368,0.0060845,0.0046848,0.0035716,0.0088751,0.0040905,0.0023997,0.0021777,0.0082930,0.0042844,0.0014374,0.0027771,0.0033867,0.0024463,0.0008475,0.0041242,0.0078612,0.0011861,0.0041100,0.0060545,0.0025380,0.0062125,0.0086570,0.0047136,0.0108082,0.0091129,0.0097537,0.0112002,0.0025466,0.0049326,0.0038521,0.0114362,0.0077594,0.0103855,0.0054079,0.0036107,0.0105340,0.0204299
42,Wholesale trade,0.1517413,0.0377102,0.0588400,0.0724110,0.0379828,0.0246781,0.0902601,0.1549285,0.0929250,0.1860005,0.1294117,0.1383580,0.0652419,0.1553379,0.2374041,0.0908713,0.1403821,0.0841454,0.1753984,0.1283909,0.0770862,0.1378839,0.0925253,0.0763219,0.1046744,0.1439705,1.0446327,0.0268837,0.0206766,0.0190200,0.0282551,0.0342412,0.0510786,0.0637541,0.0494788,0.0290066,0.0212965,0.0332388,0.0259617,0.0334218,0.0091890,0.0383797,0.0212569,0.0091227,0.0173946,0.0074017,0.0166393,0.0038198,0.0229347,0.0510084,0.0081665,0.0163963,0.0296696,0.0287874,0.0307600,0.0554584,0.0251435,0.0410061,0.0387319,0.0283638,0.0432596,0.0154101,0.0320442,0.0257213,0.0500071,0.0351827,0.0580073,0.0263912,0.0305883,0.0465007,0.0809587
441,Motor vehicle and parts dealers,0.0007338,0.0001663,0.0013154,0.0028030,0.0013136,0.0003544,0.0022219,0.0042192,0.0024747,0.0018954,0.0021811,0.0059458,0.0007835,0.0010447,0.0087357,0.0030119,0.0027698,0.0020962,0.0024200,0.0013003,0.0007396,0.0034655,0.0016207,0.0009302,0.0011053,0.0015445,0.0005388,1.0018397,0.0025382,0.0006389,0.0017167,0.0005536,0.0008591,0.0012958,0.0043696,0.0009595,0.0005146,0.0006273,0.0008046,0.0005040,0.0004286,0.0005898,0.0005614,0.0002962,0.0004911,0.0002311,0.0003861,0.0001728,0.0010690,0.0025925,0.0002390,0.0004319,0.0006965,0.0004835,0.0040840,0.0015832,0.0005096,0.0004036,0.0006629,0.0005335,0.0005373,0.0004574,0.0007161,0.0005634,0.0007923,0.0055775,0.0007174,0.0004792,0.0005356,0.0006081,0.0010835
445,Food and beverage stores,0.0001621,0.0000136,0.0000215,0.0000369,0.0000194,0.0001122,0.0001358,0.0000474,0.0000669,0.0000619,0.0000434,0.0000492,0.0000138,0.0000624,0.0000505,0.0000201,0.0000782,0.0000533,0.0000979,0.0000524,0.0000270,0.0000529,0.0002681,0.0000304,0.0000821,0.0000537,0.0000340,0.0000460,1.0000355,0.0000225,0.0000361,0.0000782,0.0000643,0.0000448,0.0007041,0.0003031,0.0000252,0.0001703,0.0000294,0.0000168,0.0000172,0.0000207,0.0000291,0.0000264,0.0000343,0.0000154,0.0000332,0.0000281,0.0000881,0.0000425,0.0000183,0.0000292,0.0000303,0.0000270,0.0000849,0.0000368,0.0000377,0.0000501,0.0000590,0.0000659,0.0000451,0.0000286,0.0000409,0.0001473,0.0011559,0.0000410,0.0000262,0.0000191,0.0000269,0.0000377,0.0000507
452,General merchandise stores,0.0004553,0.0000446,0.0001051,0.0002120,0.0000952,0.0002774,0.0009290,0.0002889,0.0002620,0.0002314,0.0001974,0.0003867,0.0000731,0.0002751,0.0004635,0.0001580,0.0004012,0.0002923,0.0003647,0.0002050,0.0000998,0.0002692,0.0009233,0.0001121,0.0001793,0.0001828,0.0000996,0.0001977,0.0002086,1.0000844,0.0001687,0.0001294,0.0002174,0.0001683,0.0020136,0.0008378,0.0001000,0.0004573,0.0001049,0.0000611,0.0000547,0.0000763,0.0000877,0.0000580,0.0000929,0.0000413,0.0000752,0.0001570,0.0002750,0.0002160,0.0000434,0.0000619,0.0000862,0.0000680,0.0004161,0.0001440,0.0001622,0.0000797,0.0001185,0.0001040,0.0001013,0.0000987,0.0001162,0.0003522,0.0003922,0.0003464,0.0000949,0.0000706,0.0000838,0.0001047,0.0002420
4A0,Other retail,0.0056353,0.0005312,0.0012233,0.0037353,0.0013578,0.0042081,0.0415357,0.0063241,0.0028366,0.0030198,0.0022994,0.0035026,0.0008336,0.0035641,0.0036623,0.0013154,0.0050239,0.0034220,0.0042190,0.0037275,0.0012043,0.0031661,0.0177172,0.0017944,0.0045200,0.0029005,0.0014141,0.0042721,0.0020169,0.0030451,1.0021604,0.0017769,0.0036092,0.0095717,0.0239783,0.0096470,0.0023156,0.0062953,0.0013675,0.0007103,0.0008585,0.0010899,0.0011875,0.0009974,0.0013978,0.0006103,0.0011634,0.0027860,0.0038771,0.0016389,0.0005805,0.0007490,0.0011455,0.0009041,0.0026256,0.0016752,0.0014001,0.0013515,0.0016989,0.0017257,0.0015131,0.0029931,0.0025548,0.0071482,0.0077673,0.0032530,0.0016414,0.0008878,0.0013318,0.0018489,0.0077356
481,Air transportation,0.0029441,0.0024487,0.0012484,0.0017989,0.0019682,0.0014918,0.0020825,0.0049377,0.0059740,0.0036787,0.0028638,0.0023650,0.0008920,0.0024453,0.0033363,0.0017236,0.0032061,0.0019370,0.0030542,0.0023380,0.0017514,0.0033808,0.0029191,0.0012346,0.0016783,0.0033690,0.0037281,0.0018571,0.0015697,0.0011516,0.0018149,1.0034983,0.0017286,0.0055769,0.0084410,0.0020775,0.0011648,0.0065556,0.0032615,0.0015544,0.0018056,0.0017750,0.0030021,0.0033719,0.0050060,0.0008068,0.0045449,0.0002811,0.0064082,0.0038060,0.0018956,0.0042973,0.0023571,0.0017477,0.0035778,0.0038579,0.0030081,0.0028696,0.0020048,0.0023277,0.0028420,0.0017201,0.0026952,0.0014521,0.0030785,0.0019524,0.0091067,0.0090306,0.0055646,0.0021649,0.0020910
482,Rail transportation,0.0084021,0.0009833,0.0031265,0.0082539,0.0019685,0.0048209,0.0040911,0.0102883,0.0197747,0.0205895,0.0091981,0.0053676,0.0011474,0.0079871,0.0073480,0.0026517,0.0078455,0.0039449,0.0115607,0.0053739,0.0013672,0.0186553,0.0052703,0.0046420,0.0082900,0.0118738,0.0009763,0.0008020,0.0009272,0.0005909,0.0007811,0.0018201,1.0039652,0.0020991,0.0114997,0.0011147,0.0010128,0.0020050,0.0009360,0.0004307,0.0004127,0.0009962,0.0007717,0.0003899,0.0008351,0.0003209,0.0006962,0.0001935,0.0012023,0.0009782,0.0003334,0.0005047,0.0010991,0.0005564,0.0014405,0.0018789,0.0010706,0.0012625,0.0012954,0.0012064,0.0019831,0.0006924,0.0013807,0.0012834,0.0025452,0.0012241,0.0016288,0.0034111,0.0084999,0.0025241,0.0077864
483,Water transportation,0.0028539,0.0001854,0.0013845,0.0019100,0.0005139,0.0005624,0.0010356,0.0004538,0.0035917,0.0029939,0.0013592,0.0007633,0.0001856,0.0014783,0.0008550,0.0003246,0.0007053,0.0006650,0.0030567,0.0010167,0.0002404,0.0010585,0.0004007,0.0010858,0.0013736,0.0011026,0.0002431,0.0002001,0.0001767,0.0001191,0.0001861,0.0003483,0.0002770,1.0008246,0.0003300,0.0002214,0.0003489,0.0002322,0.0003128,0.0001105,0.0001016,0.0001602,0.0001776,0.0000892,0.0002066,0.0000761,0.0001649,0.0000432,0.0002448,0.0002220,0.0000582,0.0001016,0.0003286,0.0001439,0.0002802,0.0004078,0.0004034,0.0002960,0.0003217,0.0002504,0.0003943,0.0001582,0.0003245,0.0002795,0.0005100,0.0002233,0.0033466,0.0007074,0.0132248,0.0006643,0.0010735
484,Truck transportation,0.0386629,0.0110283,0.0096944,0.0224814,0.0066853,0.0069400,0.0234545,0.0354545,0.0452930,0.0559189,0.0304657,0.0231204,0.0072012,0.0287994,0.0315392,0.0138206,0.0330120,0.0152842,0.0564240,0.0278611,0.0149663,0.0345298,0.0187210,0.0205937,0.0157968,0.0229403,0.0091511,0.0118737,0.0085915,0.0054182,0.0094100,0.0196883,0.0117074,0.0153190,1.0480463,0.0073850,0.0061261,0.0306544,0.0137086,0.0038560,0.0027246,0.0045152,0.0050362,0.0017298,0.0035288,0.0015425,0.0030065,0.0009153,0.0058695,0.0061732,0.0016500,0.0027517,0.0050690,0.0028456,0.0055505,0.0128337,0.0052154,0.0047457,0.0064049,0.0054481,0.0094876,0.0041716,0.0075006,0.0057669,0.0099612,0.0065876,0.0146749,0.0045773,0.0159000,0.0092828,0.0155580
485,Transit and ground passenger transportation,0.0010177,0.0003222,0.0010858,0.0013616,0.0020339,0.0022245,0.0017874,0.0022111,0.0024706,0.0026949,0.0022639,0.0016145,0.0004953,0.0015270,0.0018355,0.0009283,0.0023940,0.0015037,0.0015436,0.0012761,0.0014116,0.0022721,0.0025556,0.0009157,0.0008823,0.0020515,0.0024693,0.0021483,0.0016721,0.0013213,0.0019022,0.0012145,0.0052696,0.0023536,0.0014828,1.0019568,0.0011878,0.0019799,0.0012318,0.0017834,0.0032658,0.0030150,0.0041856,0.0050742,0.0059170,0.0022365,0.0056893,0.0003745,0.0090979,0.0048647,0.0030153,0.0063510,0.0035477,0.0023401,0.0046917,0.0042607,0.0045218,0.0043357,0.0068045,0.0051296,0.0030743,0.0169447,0.0030072,0.0017908,0.0038486,0.0024385,0.0010712,0.0012219,0.0010781,0.0085787,0.0051396
486,Pipeline transportation,0.0026453,0.0004080,0.0253977,0.0024302,0.0007984,0.0255826,0.0016032,0.0014828,0.0020435,0.0024056,0.0014387,0.0010385,0.0003669,0.0014215,0.0011528,0.0006986,0.0013207,0.0009279,0.0017651,0.0021151,0.0007837,0.0022846,0.0016548,0.0358413,0.0029315,0.0021878,0.0007550,0.0009179,0.0012216,0.0008550,0.0008296,0.0055722,0.0020739,0.0046712,0.0040001,0.0018672,1.0013573,0.0022541,0.0015749,0.0003443,0.0004185,0.0006924,0.0006570,0.0005296,0.0008685,0.0002281,0.0009768,0.0000933,0.0013985,0.0008288,0.0002980,0.0003903,0.0005463,0.0005833,0.0008114,0.0017794,0.0012737,0.0006916,0.0008996,0.0010529,0.0007692,0.0007075,0.0012717,0.0011317,0.0012730,0.0008282,0.0012380,0.0005209,0.0062473,0.0025408,0.0278108
487OS,Other transportation and support activities,0.0115685,0.0040550,0.0050450,0.0125811,0.0039865,0.0138317,0.0084990,0.0185952,0.0194035,0.0168407,0.0104411,0.0090588,0.0035367,0.0106119,0.0137213,0.0057248,0.0142068,0.0068849,0.0153436,0.0114543,0.0074897,0.0163012,0.0119002,0.0074039,0.0069692,0.0120132,0.0346816,0.0128049,0.0105161,0.0049135,0.0180316,0.1068946,0.0190979,0.0789141,0.1341673,0.0178672,0.0186659,1.1255995,0.0396110,0.0047030,0.0075410,0.0040409,0.0109697,0.0029245,0.0105518,0.0014771,0.0073481,0.0005512,0.0047522,0.0182168,0.0031917,0.0042313,0.0061337,0.0040706,0.0066716,0.0185487,0.0042662,0.0056678,0.0099438,0.0049660,0.0090111,0.0068713,0.0081206,0.0036585,0.0067006,0.0050082,0.0060156,0.0039821,0.0164857,0.0050745,0.0161534
493,Warehousing and storage,0.0073955,0.0010981,0.0022170,0.0045490,0.0016508,0.0024530,0.0052129,0.0171128,0.0198532,0.0068827,0.0061957,0.0056738,0.0030379,0.0059071,0.0076431,0.0033672,0.0089648,0.0062622,0.0109921,0.0331604,0.0163317,0.0248117,0.0180396,0.0031241,0.0062152,0.0195932,0.0181419,0.0352384,0.0300689,0.0171224,0.0278952,0.0028696,0.0027055,0.0194101,0.0171947,0.0057996,0.0081895,0.0068183,1.0389541,0.0025025,0.0026524,0.0026291,0.0042445,0.0008738,0.0017036,0.0008169,0.0014299,0.0003064,0.0033672,0.0052224,0.0012949,0.0017895,0.0023075,0.0015989,0.0097259,0.0054964,0.0018929,0.0026971,0.0044078,0.0029022,0.0033683,0.0028462,0.0027499,0.0022811,0.0048270,0.0030069,0.0029983,0.0041185,0.0016892,0.0055842,0.0043653
511,"Publishing industries, except internet (includes software)",0.0018114,0.0005103,0.0018237,0.0020502,0.0017452,0.0029027,0.0031333,0.0034272,0.0033323,0.0037887,0.0034581,0.0027122,0.0010102,0.0027139,0.0027359,0.0026376,0.0036572,0.0023947,0.0023766,0.0021785,0.0019508,0.0033265,0.0031989,0.0015142,0.0012827,0.0023484,0.0047587,0.0070668,0.0028627,0.0027930,0.0044083,0.0025351,0.0031697,0.0037188,0.0022073,0.0031320,0.0022379,0.0037190,0.0023248,1.1006743,0.0022985,0.0040368,0.0123639,0.0044673,0.0082615,0.0027884,0.0082273,0.0004224,0.0044484,0.0042034,0.0059656,0.0066595,0.0060930,0.0035654,0.0092940,0.0046451,0.0056047,0.0029405,0.0058539,0.0029610,0.0050560,0.0033938,0.0037233,0.0026273,0.0041880,0.0042707,0.0033756,0.0071889,0.0021417,0.0087165,0.0065897
512,Motion picture and sound recording industries,0.0005707,0.0001688,0.0006904,0.0007333,0.0006692,0.0006410,0.0008890,0.0007944,0.0009652,0.0010205,0.0009179,0.0007291,0.0003043,0.0007359,0.0008113,0.0005416,0.0009247,0.0006741,0.0007546,0.0006872,0.0006557,0.0008581,0.0009374,0.0005914,0.0004119,0.0007481,0.0012697,0.0034652,0.0023926,0.0005955,0.0011803,0.0015698,0.0007153,0.0013438,0.0009342,0.0012936,0.0031075,0.0010527,0.0005371,0.0020558,1.2581891,0.0821213,0.0032184,0.0013641,0.0024258,0.0009134,0.0022131,0.0001328,0.0023011,0.0015975,0.0011640,0.0012578,0.0034909,0.0019164,0.0018907,0.0013711,0.0034273,0.0011523,0.0012685,0.0058229,0.0092431,0.0049494,0.0018780,0.0047184,0.0068527,0.0018068,0.0018970,0.0055414,0.0017018,0.0027592,0.0014634
513,Broadcasting and telecommunications,0.0053508,0.0015434,0.0057163,0.0062628,0.0060501,0.0058730,0.0088093,0.0076412,0.0096043,0.0096317,0.0090067,0.0067504,0.0025638,0.0068741,0.0071763,0.0053254,0.0089191,0.0065021,0.0068528,0.0063761,0.0059091,0.0080346,0.0094760,0.0048328,0.0036345,0.0069645,0.0113116,0.0137777,0.0081642,0.0051328,0.0112395,0.0111098,0.0064293,0.0107746,0.0088958,0.0136093,0.0226394,0.0096141,0.0047454,0.0146274,0.0117239,1.1144655,0.0374371,0.0134860,0.0215870,0.0093799,0.0213445,0.0012435,0.0214171,0.0116243,0.0125113,0.0105147,0.0135169,0.0100608,0.0185293,0.0141516,0.0126770,0.0091018,0.0106962,0.0112550,0.0078743,0.0107755,0.0139669,0.0218618,0.0134712,0.0124010,0.0182206,0.0151838,0.0121292,0.0294572,0.0140708
514,"Data processing, internet publishing, and other information services",0.0067585,0.0022749,0.0075216,0.0093589,0.0076751,0.0146565,0.0127304,0.0178591,0.0200613,0.0186557,0.0175882,0.0139250,0.0039760,0.0144579,0.0124827,0.0111701,0.0205791,0.0126220,0.0113424,0.0114028,0.0095047,0.0186755,0.0148564,0.0063712,0.0057582,0.0118586,0.0156733,0.0343742,0.0158831,0.0109073,0.0229226,0.0114803,0.0101486,0.0172560,0.0093993,0.0151076,0.0128288,0.0112811,0.0079831,0.0277627,0.0112682,0.0184051,1.0504686,0.0262056,0.0330092,0.0115228,0.0399615,0.0021865,0.0195290,0.0157548,0.0183656,0.0222950,0.0226139,0.0165923,0.0464018,0.0277320,0.0247095,0.0102538,0.0182804,0.0127337,0.0126028,0.0181457,0.0192395,0.0125488,0.0254068,0.0220831,0.0195940,0.0246147,0.0118894,0.0291024,0.0305119
521CI,"Federal Reserve banks, credit intermediation, and related activities",0.0269776,0.0138512,0.0231449,0.0306948,0.0282360,0.0226749,0.0204401,0.0244619,0.0250432,0.0296282,0.0245067,0.0211070,0.0165645,0.0266394,0.0291969,0.0134978,0.0290819,0.0267954,0.0245154,0.0231550,0.0496143,0.0255801,0.0237581,0.0184592,0.0170726,0.0248914,0.0319576,0.0259856,0.0234440,0.0213499,0.0238068,0.0285348,0.0906601,0.0477011,0.0258511,0.0594154,0.0487617,0.0242109,0.0128039,0.0237704,0.0317844,0.0378056,0.0263123,1.0778228,0.1294353,0.0088049,0.1204392,0.0515899,0.0761207,0.0531993,0.0138702,0.0144242,0.0209650,0.0596637,0.0205127,0.0243822,0.0174692,0.0181302,0.0246247,0.0207783,0.0171243,0.0217443,0.0298560,0.0291799,0.0345216,0.0273500,0.0094704,0.0430950,0.0206052,0.0195365,0.0319262
523,"Securities, commodity contracts, and investments",0.0059578,0.0019462,0.0117979,0.0370520,0.0902111,0.0054000,0.0067009,0.0054748,0.0088334,0.0224051,0.0170073,0.0129544,0.0032337,0.0130382,0.0137460,0.0061652,0.0171244,0.0112378,0.0061797,0.0051914,0.0072494,0.0063528,0.0052411,0.0080562,0.0039801,0.0058896,0.0081587,0.0051889,0.0053593,0.0048492,0.0056918,0.0187709,0.0167248,0.0270086,0.0081498,0.0437665,0.0110934,0.0138820,0.0041811,0.0040848,0.0107606,0.0063511,0.0047753,0.0501163,1.0894710,0.0124053,0.6417911,0.0043628,0.0182851,0.0214965,0.0043959,0.0042878,0.0054050,0.0275598,0.0063071,0.0068606,0.0052635,0.0066570,0.0229928,0.0077591,0.0151518,0.0135186,0.0069797,0.0058819,0.0257946,0.0097238,0.0030329,0.0052301,0.0049732,0.0047459,0.0245985
524,Insurance carriers and related activities,0.0321913,0.0144875,0.0275551,0.0278991,0.0363690,0.0136463,0.0151984,0.0218945,0.0325877,0.0283072,0.0232256,0.0215338,0.0067370,0.0287776,0.0337756,0.0149989,0.0284210,0.0166420,0.0309863,0.0261650,0.0205920,0.0232133,0.0171694,0.0208423,0.0152141,0.0221505,0.0454011,0.0345666,0.0250157,0.0197731,0.0279857,0.0224506,0.0159832,0.0575747,0.0843077,0.2411729,0.0226802,0.0378593,0.0373016,0.0095676,0.0264218,0.0186978,0.0146717,0.0198898,0.0563954,1.5984350,0.1137264,0.0102197,0.0909184,0.0634159,0.0192768,0.0152455,0.0197703,0.0166735,0.0258662,0.0343527,0.0259942,0.0333689,0.0508954,0.0435724,0.0689134,0.0433887,0.0400035,0.0190438,0.0333739,0.0222528,0.0095112,0.0120683,0.1219742,0.0143331,0.0744302
525,"Funds, trusts, and other financial vehicles",0.0001538,0.0000715,0.0001399,0.0001401,0.0001758,0.0000679,0.0000752,0.0001084,0.0001572,0.0001742,0.0001213,0.0001101,0.0000340,0.0001446,0.0001667,0.0000743,0.0001382,0.0000830,0.0001508,0.0001270,0.0001002,0.0001166,0.0000835,0.0001044,0.0000745,0.0001075,0.0002179,0.0001629,0.0001194,0.0000968,0.0001343,0.0001080,0.0000767,0.0002722,0.0003945,0.0011183,0.0001073,0.0001834,0.0001755,0.0000467,0.0001246,0.0000896,0.0000704,0.0000939,0.0002659,0.0073925,1.0438785,0.0000477,0.0004293,0.0003000,0.0000912,0.0000725,0.0000944,0.0001859,0.0001239,0.0001721,0.0001273,0.0001607,0.0002399,0.0002066,0.0003219,0.0002085,0.0001903,0.0000920,0.0001643,0.0001194,0.0000462,0.0000579,0.0005660,0.0007643,0.0003492
HS,Housing,0.0000000,0.0000000,0.0000000,0.0000000,0.0000000,0.0000000,0.0000000,0.0000000,0.0000000,0.0000000,0.0000000,0.0000000,0.0000000,0.0000000,0.0000000,0.0000000,0.0000000,0.0000000,0.0000000,0.0000000,0.0000000,0.0000000,0.0000000,0.0000000,0.0000000,0.0000000,0.0000000,0.0000000,0.0000000,0.0000000,0.0000000,0.0000000,0.0000000,0.0000000,0.0000000,0.0000000,0.0000000,0.0000000,0.0000000,0.0000000,0.0000000,0.0000000,0.0000000,0.0000000,0.0000000,0.0000000,0.0000000,1.0000000,0.0000000,0.0000000,0.0000000,0.0000000,0.0000000,0.0000000,0.0000000,0.0000000,0.0000000,0.0000000,0.0000000,0.0000000,0.0000000,0.0000000,0.0000000,0.0000000,0.0000000,0.0000000,0.0000000,0.0000000,0.0000000,0.0000000,0.0000000
ORE,Other real estate,0.0290930,0.0063577,0.0291992,0.0292943,0.0263817,0.0255848,0.0414466,0.0317211,0.0347658,0.0364508,0.0449862,0.0295558,0.0098996,0.0340911,0.0340775,0.0177196,0.0477006,0.0275616,0.0367022,0.0375026,0.0289270,0.0427198,0.0576444,0.0228878,0.0181114,0.0392071,0.0755927,0.1002209,0.1390677,0.0902922,0.1350864,0.0264872,0.0245761,0.0616003,0.0544042,0.0715996,0.0272075,0.0458391,0.0855690,0.0408521,0.0560901,0.0819453,0.0498188,0.0449441,0.1015662,0.0473719,0.0751441,0.0075656,1.1585600,0.0670789,0.0649380,0.0303089,0.0747270,0.0919001,0.0532393,0.0627535,0.1191907,0.0731335,0.1274291,0.1517617,0.0835588,0.1056644,0.1553511,0.0514574,0.0998968,0.1326326,0.0209789,0.0400471,0.0250268,0.0271077,0.0414789
532RL,Rental and leasing services and lessors of intangible assets,0.0175698,0.0039501,0.0227499,0.0373651,0.0312209,0.0092506,0.0246526,0.0144671,0.0234239,0.0230046,0.0199489,0.0164108,0.0059152,0.0184308,0.0312131,0.0110798,0.0163552,0.0147293,0.0213107,0.0139545,0.1197586,0.0227034,0.0165973,0.0172882,0.0145751,0.0178669,0.0251654,0.0106700,0.0119600,0.0219583,0.0145899,0.0619663,0.1000762,0.1620358,0.0669629,0.0206042,0.0062482,0.0158522,0.0114177,0.0108488,0.0118457,0.0198072,0.0326673,0.0088120,0.0253708,0.0063020,0.0180477,0.0033836,0.0135434,1.0453312,0.0093816,0.0112683,0.0154304,0.0512969,0.0167056,0.0309852,0.0110287,0.0122301,0.0120995,0.0093933,0.0092408,0.0225965,0.0220265,0.0130473,0.0365508,0.0095311,0.0088302,0.0061914,0.0098973,0.0113973,0.0170327
5411,Legal services,0.0057909,0.0023648,0.0074726,0.0115921,0.0071884,0.0120663,0.0097835,0.0102717,0.0099573,0.0122569,0.0123293,0.0083856,0.0031988,0.0076762,0.0099992,0.0055741,0.0111680,0.0111081,0.0076014,0.0084492,0.0084753,0.0118993,0.0106566,0.0057925,0.0047919,0.0104182,0.0136596,0.0077015,0.0069902,0.0057998,0.0092442,0.0050048,0.0159780,0.0106829,0.0058702,0.0107488,0.0052986,0.0058062,0.0057384,0.0133472,0.0119444,0.0094856,0.0171716,0.0100889,0.0285118,0.0196322,0.0303059,0.0019445,0.0156286,0.0084091,1.0098723,0.0091693,0.0212523,0.0207068,0.0117776,0.0100314,0.0059797,0.0086901,0.0252883,0.0116962,0.0080728,0.0192545,0.0201017,0.0060999,0.0091906,0.0124202,0.0046838,0.0039967,0.0047284,0.0114119,0.0132526
5415,Computer systems design and related services,0.0052970,0.0014441,0.0199599,0.0102857,0.0047935,0.0067486,0.0078914,0.0074115,0.0077361,0.0090610,0.0101891,0.0093661,0.0030394,0.0063418,0.0075014,0.0093637,0.0084033,0.0058147,0.0064897,0.0057748,0.0043242,0.0074254,0.0088252,0.0129922,0.0037998,0.0066290,0.0122526,0.0167959,0.0060343,0.0072419,0.0083414,0.0075625,0.0170916,0.0085158,0.0061325,0.0080029,0.0038060,0.0048427,0.0038117,0.0201730,0.0059949,0.0088901,0.0256125,0.0093120,0.0264374,0.0101521,0.0232624,0.0012398,0.0102812,0.0063185,0.0113152,1.0178978,0.0088682,0.0069099,0.0180078,0.0090256,0.0101442,0.0062773,0.0103722,0.0079864,0.0094677,0.0061174,0.0097646,0.0063743,0.0096142,0.0082729,0.0127904,0.0330886,0.0041644,0.0162916,0.0232907
5412OP,"Miscellaneous professional, scientific, and technical services",0.0303621,0.0119052,0.0347973,0.0440822,0.0318033,0.0393999,0.0569227,0.0436982,0.0474733,0.0537616,0.0457762,0.0366507,0.0132653,0.0415867,0.0436745,0.0253034,0.0565326,0.0373616,0.0437293,0.0399955,0.0302224,0.0470144,0.0426725,0.0282716,0.0228378,0.0443017,0.0798187,0.0999686,0.0534415,0.0321427,0.0800951,0.0287886,0.0457839,0.0665288,0.0354582,0.0541720,0.0593679,0.0268661,0.0340786,0.0696507,0.0620389,0.0709337,0.1163834,0.0610475,0.1051719,0.0575548,0.0883878,0.0071202,0.0760205,0.0574341,0.0376171,0.0617880,1.0920401,0.0863481,0.0688183,0.0504349,0.0511170,0.0428785,0.0686930,0.0544985,0.0460821,0.0684753,0.0739840,0.0401702,0.0552222,0.0616217,0.1169485,0.0437035,0.0326208,0.0529354,0.1114178
55,Management of companies and enterprises,0.0195698,0.0041153,0.0979059,0.0902413,0.0390450,0.0105695,0.0262291,0.0217878,0.0395108,0.0334887,0.0305383,0.0466162,0.0170709,0.0355501,0.0460547,0.0266560,0.0264891,0.0342610,0.0500184,0.0432231,0.0384841,0.0332061,0.0235777,0.0623685,0.0304663,0.0297021,0.0640930,0.0180215,0.0225302,0.0436275,0.0343335,0.0315145,0.0144384,0.0470744,0.0278089,0.0175457,0.0079581,0.0336970,0.0189753,0.0176450,0.0106018,0.0157135,0.0156647,0.0132372,0.0393132,0.0121536,0.0358517,0.0020586,0.0475205,0.0514326,0.0145139,0.0132970,0.0199944,1.0121265,0.0283805,0.0503088,0.0351482,0.0499222,0.0268228,0.0366874,0.0199263,0.0233360,0.0282338,0.0274590,0.0811189,0.0244214,0.0116152,0.0084880,0.0087779,0.0129033,0.0228754
561,Administrative and support services,0.0190080,0.0050265,0.0205349,0.0257123,0.0238004,0.0260207,0.0262447,0.0280751,0.0317113,0.0478154,0.0506573,0.0269180,0.0104185,0.0292554,0.0328989,0.0307903,0.0307299,0.0253534,0.0266543,0.0242979,0.0517112,0.0330205,0.0530244,0.0183171,0.0167412,0.0285238,0.0525900,0.0456575,0.0364556,0.0329411,0.0446791,0.0426382,0.0347262,0.1570090,0.0465003,0.1228599,0.0607118,0.0504430,0.0502178,0.0650901,0.0300090,0.0606150,0.0753944,0.0341394,0.0584452,0.0290073,0.0439854,0.0047183,0.1583107,0.0982035,0.0372247,0.0629145,0.0507881,0.0505616,1.0823468,0.0602436,0.0498497,0.0438105,0.0851157,0.0720102,0.0346741,0.0529580,0.0509668,0.0331263,0.0410494,0.0456054,0.0285555,0.0411254,0.0200990,0.0363787,0.0552154
562,Waste management and remediation services,0.0024449,0.0007345,0.0036998,0.0030195,0.0031122,0.0036209,0.0037481,0.0033037,0.0044722,0.0188366,0.0073397,0.0043569,0.0011725,0.0054562,0.0045968,0.0022874,0.0048542,0.0028828,0.0038078,0.0037449,0.0020940,0.0058238,0.0041425,0.0034258,0.0031333,0.0039799,0.0039958,0.0057584,0.0059275,0.0038472,0.0054940,0.0023039,0.0034871,0.0036180,0.0046385,0.0039313,0.0052608,0.0043650,0.0044338,0.0018696,0.0025443,0.0034393,0.0024803,0.0021662,0.0042805,0.0032903,0.0044996,0.0004251,0.0369835,0.0050154,0.0030074,0.0019015,0.0036731,0.0042589,0.0049767,1.0799089,0.0058769,0.0042349,0.0067265,0.0080331,0.0047602,0.0046226,0.0083539,0.0051873,0.0055903,0.0108175,0.0017091,0.0033403,0.0034690,0.0112556,0.0150484
61,Educational services,0.0001549,0.0000588,0.0000946,0.0001122,0.0000939,0.0000810,0.0001763,0.0001849,0.0001565,0.0004102,0.0002122,0.0001707,0.0000653,0.0001891,0.0002322,0.0001042,0.0001721,0.0001148,0.0001782,0.0001380,0.0001049,0.0001967,0.0001716,0.0000938,0.0001063,0.0001616,0.0006486,0.0006467,0.0014557,0.0000882,0.0013475,0.0004082,0.0001353,0.0002325,0.0001910,0.0002075,0.0001148,0.0001496,0.0000856,0.0000946,0.0015932,0.0009840,0.0001331,0.0001458,0.0001860,0.0000670,0.0001844,0.0000408,0.0002663,0.0001913,0.0000910,0.0001178,0.0001483,0.0002473,0.0003905,0.0002855,1.0054486,0.0001280,0.0001923,0.0001457,0.0001984,0.0191030,0.0030030,0.0001291,0.0002446,0.0030032,0.0001175,0.0002106,0.0012284,0.0037768,0.0001966
621,Ambulatory health care services,0.0000539,0.0000479,0.0000462,0.0000389,0.0000739,0.0000553,0.0000433,0.0000767,0.0000521,0.0004413,0.0001408,0.0000870,0.0000539,0.0001097,0.0000975,0.0000423,0.0000696,0.0000476,0.0000522,0.0000400,0.0000307,0.0000941,0.0000481,0.0000442,0.0000301,0.0000497,0.0000462,0.0000327,0.0000353,0.0000292,0.0000393,0.0003254,0.0000373,0.0001679,0.0000462,0.0000500,0.0000427,0.0000762,0.0000262,0.0000278,0.0001016,0.0000974,0.0000376,0.0000413,0.0002968,0.0000274,0.0001884,0.0000063,0.0000795,0.0000610,0.0000187,0.0000374,0.0000864,0.0000497,0.0001323,0.0001061,0.0000561,1.0121075,0.0150155,0.0004565,0.0000326,0.0008884,0.0000800,0.0000373,0.0000512,0.0002360,0.0000744,0.0040086,0.0000256,0.0070317,0.0000569
622,Hospitals,0.0000001,0.0000001,0.0000001,0.0000001,0.0000001,0.0000001,0.0000001,0.0000002,0.0000001,0.0000009,0.0000003,0.0000002,0.0000001,0.0000002,0.0000002,0.0000001,0.0000001,0.0000001,0.0000001,0.0000001,0.0000001,0.0000002,0.0000001,0.0000001,0.0000001,0.0000001,0.0000001,0.0000001,0.0000001,0.0000001,0.0000001,0.0000007,0.0000001,0.0000003,0.0000001,0.0000001,0.0000001,0.0000002,0.0000001,0.0000001,0.0000002,0.0000002,0.0000001,0.0000001,0.0000006,0.0000001,0.0000004,0.0000000,0.0000002,0.0000001,0.0000000,0.0000001,0.0000002,0.0000001,0.0000003,0.0000002,0.0000001,0.0000244,1.0006735,0.0000009,0.0000001,0.0000018,0.0000002,0.0000001,0.0000001,0.0000005,0.0000001,0.0000081,0.0000001,0.0000141,0.0000001
623,Nursing and residential care facilities,0.0000483,0.0000165,0.0000477,0.0000408,0.0000784,0.0000322,0.0000345,0.0000531,0.0000497,0.0001206,0.0000660,0.0000621,0.0000921,0.0000658,0.0000808,0.0000373,0.0000535,0.0000415,0.0000544,0.0000453,0.0000313,0.0000695,0.0000508,0.0000581,0.0000378,0.0000533,0.0000490,0.0000178,0.0000279,0.0000341,0.0000355,0.0006823,0.0000372,0.0003040,0.0000447,0.0000424,0.0000364,0.0000489,0.0000190,0.0000242,0.0000361,0.0000781,0.0000280,0.0000566,0.0005986,0.0000331,0.0003638,0.0000056,0.0000373,0.0000730,0.0000123,0.0000422,0.0000265,0.0000520,0.0000294,0.0000374,0.0000294,0.0000171,0.0000276,1.0000305,0.0000229,0.0000421,0.0000381,0.0000422,0.0000548,0.0000625,0.0001196,0.0087730,0.0000213,0.0009239,0.0000391
624,Social assistance,0.0000005,0.0000002,0.0000005,0.0000004,0.0000007,0.0000003,0.0000003,0.0000005,0.0000005,0.0000015,0.0000007,0.0000006,0.0000008,0.0000007,0.0000008,0.0000004,0.0000005,0.0000004,0.0000005,0.0000004,0.0000003,0.0000007,0.0000005,0.0000005,0.0000003,0.0000005,0.0000005,0.0000002,0.0000003,0.0000003,0.0000003,0.0000061,0.0000003,0.0000027,0.0000004,0.0000004,0.0000003,0.0000005,0.0000002,0.0000002,0.0000003,0.0000007,0.0000003,0.0000005,0.0000054,0.0000003,0.0000033,0.0000001,0.0000004,0.0000007,0.0000001,0.0000004,0.0000002,0.0000005,0.0000003,0.0000004,0.0000003,0.0000002,0.0000003,0.0000003,1.0000002,0.0000004,0.0000004,0.0000004,0.0000005,0.0000007,0.0000011,0.0000787,0.0000002,0.0000160,0.0000004
711AS,"Performing arts, spectator sports, museums, and related activities",0.0017853,0.0004003,0.0018764,0.0020282,0.0016687,0.0012568,0.0019409,0.0021966,0.0023470,0.0027770,0.0023709,0.0020055,0.0007232,0.0019438,0.0023581,0.0012725,0.0023514,0.0016919,0.0022666,0.0018632,0.0016976,0.0024845,0.0025135,0.0015045,0.0011975,0.0023195,0.0049070,0.0045878,0.0040341,0.0020062,0.0032394,0.0019301,0.0035482,0.0028172,0.0021415,0.0028393,0.0021853,0.0029658,0.0014986,0.0024429,0.0954603,0.0554671,0.0043735,0.0047991,0.0052600,0.0017428,0.0064866,0.0003887,0.0094929,0.0036419,0.0035591,0.0039790,0.0053989,0.0101078,0.0051909,0.0038541,0.0043615,0.0036374,0.0051539,0.0044082,0.0081681,1.1668847,0.0097082,0.0035972,0.0081865,0.0052354,0.0019906,0.0022172,0.0017631,0.0036357,0.0026189
713,"Amusements, gambling, and recreation industries",0.0006306,0.0001256,0.0005730,0.0006358,0.0007354,0.0005139,0.0007329,0.0007493,0.0009063,0.0008773,0.0007474,0.0006264,0.0002153,0.0005594,0.0007199,0.0003740,0.0007959,0.0005397,0.0006918,0.0004808,0.0005084,0.0007482,0.0008209,0.0004442,0.0003670,0.0007069,0.0013763,0.0004687,0.0007562,0.0003501,0.0011448,0.0004339,0.0004981,0.0007764,0.0004207,0.0005312,0.0003269,0.0004917,0.0002835,0.0005725,0.0006322,0.0006019,0.0012980,0.0015903,0.0018087,0.0003758,0.0017671,0.0001156,0.0007574,0.0013542,0.0010047,0.0021186,0.0010267,0.0033821,0.0017974,0.0014316,0.0009999,0.0016610,0.0005643,0.0009496,0.0012899,0.0011499,1.0017012,0.0016148,0.0019164,0.0006056,0.0031293,0.0003854,0.0002482,0.0017901,0.0008589
721,Accommodation,0.0013615,0.0003832,0.0015448,0.0018696,0.0027903,0.0026492,0.0019266,0.0027826,0.0031844,0.0031509,0.0029621,0.0021976,0.0007399,0.0020983,0.0025412,0.0012879,0.0031927,0.0020607,0.0020850,0.0018244,0.0019842,0.0029284,0.0040336,0.0012939,0.0011982,0.0028434,0.0038178,0.0023900,0.0024640,0.0018711,0.0026662,0.0020411,0.0022952,0.0033990,0.0019349,0.0025961,0.0016919,0.0028112,0.0017241,0.0026442,0.0033343,0.0030782,0.0073076,0.0076574,0.0091025,0.0018857,0.0085408,0.0005265,0.0132028,0.0065154,0.0042410,0.0101417,0.0044446,0.0039176,0.0066101,0.0071403,0.0053335,0.0056099,0.0031183,0.0041095,0.0036418,0.0030187,0.0046415,1.0025051,0.0063094,0.0032938,0.0075270,0.0063270,0.0014494,0.0032907,0.0030713
722,Food services and drinking places,0.0047818,0.0012051,0.0039987,0.0047848,0.0060725,0.0060382,0.0045324,0.0059285,0.0064007,0.0072175,0.0061904,0.0047637,0.0016163,0.0049290,0.0057129,0.0029393,0.0063318,0.0041679,0.0054752,0.0048392,0.0052100,0.0064655,0.0069993,0.0033280,0.0028295,0.0058052,0.0101274,0.0091378,0.0094995,0.0080946,0.0100600,0.0409955,0.0048303,0.0091325,0.0078839,0.0084371,0.0047766,0.0112021,0.0064351,0.0047852,0.0063520,0.0063670,0.0097883,0.0133121,0.0138713,0.0064595,0.0159791,0.0010495,0.0392386,0.0177056,0.0091799,0.0155143,0.0123448,0.0138693,0.0154759,0.0105026,0.0101780,0.0301545,0.0317188,0.0422189,0.0208463,0.0091356,0.0180926,0.0465090,1.0153718,0.0088375,0.0060101,0.0059876,0.0060927,0.0129228,0.0077499
81,"Other services, except government",0.0061901,0.0022847,0.0052097,0.0070236,0.0062912,0.0045240,0.0100472,0.0098636,0.0153172,0.0170274,0.0127932,0.0088579,0.0039234,0.0093338,0.0103451,0.0058976,0.0093348,0.0070900,0.0096025,0.0084551,0.0066319,0.0147226,0.0101974,0.0054267,0.0065572,0.0102432,0.0139710,0.0117614,0.0117754,0.0099126,0.0093889,0.0094082,0.0069167,0.0206859,0.0251316,0.0337787,0.0140088,0.0119684,0.0087150,0.0064528,0.0046403,0.0112362,0.0078038,0.0081570,0.0153071,0.0076940,0.0118521,0.0090981,0.0125971,0.0235794,0.0047029,0.0068128,0.0085795,0.0140732,0.0211911,0.0472976,0.0139123,0.0088638,0.0177396,0.0108702,0.0076802,0.0102796,0.0144507,0.0087769,0.0156394,1.0125339,0.0109678,0.0310370,0.0087416,0.0232979,0.0204562
GFGD,Federal general government (defense),0.0000000,0.0000000,0.0000000,0.0000000,0.0000000,0.0000000,0.0000000,0.0000000,0.0000000,0.0000000,0.0000000,0.0000000,0.0000000,0.0000000,0.0000000,0.0000000,0.0000000,0.0000000,0.0000000,0.0000000,0.0000000,0.0000000,0.0000000,0.0000000,0.0000000,0.0000000,0.0000000,0.0000000,0.0000000,0.0000000,0.0000000,0.0000000,0.0000000,0.0000000,0.0000000,0.0000000,0.0000000,0.0000000,0.0000000,0.0000000,0.0000000,0.0000000,0.0000000,0.0000000,0.0000000,0.0000000,0.0000000,0.0000000,0.0000000,0.0000000,0.0000000,0.0000000,0.0000000,0.0000000,0.0000000,0.0000000,0.0000000,0.0000000,0.0000000,0.0000000,0.0000000,0.0000000,0.0000000,0.0000000,0.0000000,0.0000000,1.0000000,0.0000000,0.0000000,0.0000000,0.0000000
GFGN,Federal general government (nondefense),0.0051088,0.0012795,0.0051660,0.0044508,0.0084692,0.0031365,0.0036369,0.0053686,0.0053540,0.0078938,0.0059725,0.0062937,0.0104039,0.0063858,0.0084238,0.0039603,0.0055485,0.0043915,0.0059043,0.0049855,0.0034562,0.0071064,0.0055703,0.0064532,0.0041945,0.0058208,0.0054519,0.0018626,0.0029971,0.0037920,0.0038830,0.0780499,0.0040754,0.0346914,0.0048531,0.0046655,0.0039293,0.0048904,0.0020290,0.0026947,0.0039356,0.0087411,0.0030718,0.0064004,0.0684409,0.0037172,0.0415477,0.0006101,0.0036992,0.0081728,0.0013275,0.0047383,0.0029152,0.0058141,0.0031680,0.0031057,0.0028748,0.0018052,0.0029064,0.0033150,0.0024563,0.0040213,0.0040211,0.0046781,0.0060698,0.0050833,0.0135612,1.0050612,0.0022702,0.0019858,0.0040901
GFE,Federal government enterprises,0.0027438,0.0005903,0.0017128,0.0024383,0.0012977,0.0023806,0.0018413,0.0024825,0.0027606,0.0036989,0.0027712,0.0026571,0.0010113,0.0032729,0.0031967,0.0015171,0.0024044,0.0015449,0.0028947,0.0024442,0.0019489,0.0030294,0.0025634,0.0017049,0.0018970,0.0025693,0.0091614,0.0040328,0.0035500,0.0021506,0.0050770,0.0019065,0.0014936,0.0383842,0.0062440,0.0053013,0.0036206,0.0042881,0.0044284,0.0013040,0.0023021,0.0015973,0.0030470,0.0018458,0.0049861,0.0022806,0.0037640,0.0002209,0.0026649,0.0056570,0.0011893,0.0014709,0.0018316,0.0016210,0.0021289,0.0027943,0.0017991,0.0022477,0.0048707,0.0026183,0.0030273,0.0020253,0.0023519,0.0058242,0.0084069,0.0017679,0.0013530,0.0011193,1.0030423,0.0022981,0.0025624
GSLG,State and local general government,0.0041019,0.0059182,0.0029157,0.0021121,0.0049902,0.0053358,0.0030704,0.0069260,0.0032799,0.0572196,0.0154103,0.0079699,0.0014653,0.0110993,0.0080799,0.0030289,0.0056673,0.0034683,0.0031282,0.0020216,0.0013082,0.0082675,0.0023685,0.0020094,0.0013523,0.0027841,0.0016181,0.0017123,0.0019714,0.0010651,0.0018252,0.0012098,0.0018121,0.0013368,0.0025495,0.0019158,0.0023050,0.0068698,0.0014630,0.0007745,0.0019393,0.0020493,0.0012797,0.0008200,0.0014085,0.0007556,0.0013775,0.0003212,0.0055958,0.0018079,0.0007580,0.0009219,0.0011902,0.0013653,0.0019106,0.0114416,0.0048105,0.0015049,0.0024547,0.0017857,0.0015954,0.0077835,0.0033133,0.0015031,0.0019796,0.0200878,0.0013836,0.0017565,0.0016090,1.0037622,0.0038218
GSLE,State and local government enterprises,0.0109387,0.0013916,0.0083479,0.0125762,0.0034337,0.0170956,0.0062513,0.0095738,0.0159007,0.0150661,0.0107498,0.0071241,0.0027593,0.0087174,0.0083543,0.0059659,0.0095007,0.0055928,0.0108727,0.0115209,0.0064925,0.0166144,0.0107863,0.0072552,0.0093262,0.0119156,0.0085279,0.0099899,0.0137158,0.0092903,0.0099675,0.0119796,0.0047419,0.0113554,0.0167457,0.0066230,0.0123268,0.0126569,0.0112171,0.0033697,0.0049890,0.0074213,0.0066994,0.0044916,0.0072686,0.0029414,0.0082296,0.0006619,0.0154008,0.0100406,0.0047263,0.0039145,0.0056020,0.0073067,0.0066926,0.0167541,0.0102908,0.0064722,0.0098702,0.0123614,0.0075121,0.0090183,0.0131761,0.0119593,0.0125034,0.0093841,0.0073691,0.0045744,0.0115502,0.0101940,1.0155280
,Total industry output requirement,2.2646371,1.3533675,1.8429696,1.9796069,1.6226671,1.5310452,1.9036424,2.3050345,2.1167920,2.6475566,2.3300808,2.1500028,1.4554285,2.2972473,2.7737176,1.9820908,2.2737305,1.7675890,2.5623226,2.3042769,1.8359773,2.3775324,2.0155912,2.3096112,1.8823898,2.2951205,1.7513126,1.6800664,1.6163402,1.4893264,1.6673157,1.8613840,1.7930500,2.2836674,1.9743203,1.9777457,1.5736050,1.7252353,1.5798867,1.5560152,1.7532453,1.8519940,1.6886156,1.5030334,1.9911098,1.9198705,2.5390949,1.1670307,2.0783501,1.7939038,1.3515316,1.4411469,1.6006903,1.6596029,1.6906703,1.9480577,1.6423024,1.6113153,1.8354008,1.7436049,1.7194575,1.7896414,1.7915283,1.5779951,1.9027525,1.7279856,1.7370114,1.5453935,1.5926206,1.7282518,2.2760413

Legend/Footnotes
Note. Detail may not add to total due to rounding.
